{
  "5.0": 0.00006,
  "4.5": 0.00068,
  "4.0": 0.00633,
  "3.5": 0.04653,
  "3.0": 0.270,
  "2.5": 1.242,
  "2.0": 4.550,
  "1.5": 13.36,
  "1.0": 31.73,
  "0.5": 61.71,
  "0.0": 100
}
